institute_id,short_name,full_name,city,state,nirf_rank,nirf_score,tlr_score,rpc_score,go_score,oi_score,perception_score,total_faculty,faculty_with_phd,total_students,ug_total_graduating,ug_placed_latest,ug_higher_studies,ug_median_salary_lakh,phd_students_fulltime,phd_students_parttime,phd_graduated_latest,patents_published,patents_granted,sponsored_projects,sponsored_funding_cr,consultancy_projects,consultancy_revenue_cr,lab_capex_cr,salary_expense_cr,phd_pct,placement_rate_pct,founding_year,institution_age,generation,phd_output_rate_pct,research_intensity_cr
IR-E-U-0456,IIT Madras,Indian Institute of Technology Madras,Chennai,Tamil Nadu,1,88.72,95.7,90.74,82.29,63.25,100.0,686,622,6453,958,764,177,17.5,1798,200,314,221,107,794,956.31,1530,394.93,483.13,660.63,90.7,79.7,1959,66,Gen1_Pre1962,17.5,1351.24
IR-E-I-1074,IIT Delhi,Indian Institute of Technology Delhi,New Delhi,Delhi,2,85.74,85.89,93.47,81.67,62.01,93.97,677,609,6897,1064,810,58,19.08,2866,546,464,295,113,1006,367.22,521,47.53,256.33,701.4,90.0,76.1,1961,64,Gen1_Pre1962,16.2,414.75
IR-E-U-0306,IIT Bombay,Indian Institute of Technology Bombay,Mumbai,Maharashtra,3,83.65,87.97,84.81,87.06,59.13,85.04,792,649,8826,1172,887,285,19.61,3523,466,491,228,98,1572,592.26,1255,125.21,281.71,834.23,81.9,75.7,1958,67,Gen1_Pre1962,13.9,717.47
IR-E-I-1075,IIT Kanpur,Indian Institute of Technology Kanpur,Kanpur,Uttar Pradesh,4,81.82,91.77,76.34,88.08,59.18,78.49,579,461,6432,1133,754,283,19.4,2068,43,238,142,57,1155,225.15,428,114.11,110.32,401.6,79.6,66.5,1959,66,Gen1_Pre1962,11.5,339.26
IR-E-U-0573,IIT Kharagpur,Indian Institute of Technology Kharagpur,Kharagpur,West Bengal,5,78.69,85.26,77.56,79.82,64.24,74.57,868,654,9334,1317,959,180,19.76,3409,0,494,275,117,892,160.17,340,43.34,148.98,563.25,75.3,72.8,1951,74,Gen1_Pre1962,14.5,203.51
IR-E-U-0560,IIT Roorkee,Indian Institute of Technology Roorkee,Roorkee,Uttarakhand,6,75.44,76.06,76.57,85.82,63.92,60.98,601,524,5998,1102,769,333,17.0,2806,18,145,188,71,266,112.67,1054,92.74,135.06,411.5,87.2,69.8,1847,178,Gen1_Pre1962,5.2,205.41
IR-E-U-0013,IIT Hyderabad,Indian Institute of Technology Hyderabad,Hyderabad,Telangana,7,72.31,88.02,61.39,79.2,54.39,61.98,282,269,2818,399,306,37,21.0,711,165,89,95,32,181,129.21,605,18.53,33.74,145.07,95.4,76.7,2008,17,Gen3_2001_2010,12.5,147.74
IR-E-U-0053,IIT Guwahati,Indian Institute of Technology Guwahati,Guwahati,Assam,8,72.24,73.6,72.89,84.68,61.4,52.06,460,340,5413,856,658,179,19.48,2146,174,263,94,38,348,130.91,366,30.52,50.85,197.75,73.9,76.9,1994,31,Gen2_1962_2000,12.3,161.43
IR-E-U-0701,IIT BHU,Indian Institute of Technology (BHU) Varanasi,Varanasi,Uttar Pradesh,10,67.24,66.39,61.68,86.03,60.51,55.64,382,381,7195,1392,1269,113,20.0,1123,73,255,78,28,453,44.23,1354,27.82,51.92,219.01,99.7,91.2,1919,106,Gen1_Pre1962,22.7,72.05
IR-E-U-0273,IIT Indore,Indian Institute of Technology Indore,Indore,Madhya Pradesh,12,66.65,81.25,59.55,76.52,63.77,27.15,229,190,1987,331,234,27,19.48,633,41,81,82,25,265,50.29,117,10.8,17.7,82.26,83.0,70.7,2009,16,Gen3_2001_2010,12.8,61.09
IR-E-U-0205,IIT ISM,Indian Institute of Technology (ISM) Dhanbad,Dhanbad,Jharkhand,15,65.37,72.84,62.49,77.02,61.36,32.29,459,312,5073,963,782,34,12.0,992,380,301,62,21,242,42.81,117,17.37,20.32,198.03,68.0,81.2,1926,99,Gen1_Pre1962,30.3,60.18
IR-E-U-0064,IIT Patna,Indian Institute of Technology Patna,Patna,Bihar,19,64.52,79.24,55.04,78.4,63.95,21.73,264,172,2407,335,320,15,22.5,636,106,132,54,18,100,100.88,136,18.57,33.73,66.22,65.2,95.5,2008,17,Gen3_2001_2010,20.8,119.45
IR-E-U-0139,IIT Gandhinagar,Indian Institute of Technology Gandhinagar,Gandhinagar,Gujarat,25,62.31,85.82,41.07,74.62,63.82,29.36,154,154,1495,214,160,51,14.0,590,5,73,48,14,293,109.92,79,9.15,19.99,89.62,100.0,74.8,2008,17,Gen3_2001_2010,12.4,119.07
IR-E-U-0184,IIT Mandi,Indian Institute of Technology Mandi,Mandi,Himachal Pradesh,26,62.08,81.9,42.61,78.29,68.77,21.95,211,162,1928,286,197,75,18.5,672,48,49,62,19,195,28.63,52,2.98,10.76,62.85,76.8,68.9,2009,16,Gen3_2001_2010,7.3,31.61
IR-E-U-0395,IIT Jodhpur,Indian Institute of Technology Jodhpur,Jodhpur,Rajasthan,27,61.31,86.92,44.03,70.43,66.41,12.93,289,180,2395,418,322,94,12.0,788,132,25,68,22,360,52.29,103,22.03,61.02,117.44,62.3,77.0,2008,17,Gen3_2001_2010,3.2,74.32
IR-E-U-0378,IIT Ropar,Indian Institute of Technology Ropar,Rupnagar,Punjab,32,59.66,72.46,47.74,75.18,60.41,25.23,181,148,1870,321,220,63,16.97,917,56,115,55,16,206,64.5,208,9.06,31.79,72.81,81.8,68.5,2008,17,Gen3_2001_2010,12.5,73.56
IR-E-U-0355,IIT Bhubaneswar,Indian Institute of Technology Bhubaneswar,Bhubaneswar,Odisha,39,58.22,74.57,39.14,75.07,62.69,28.27,201,150,2281,420,328,52,14.0,450,0,69,48,14,171,23.77,272,13.39,8.36,77.79,74.6,78.1,2008,17,Gen3_2001_2010,15.3,37.16
IR-E-U-0878,IIT Palakkad,Indian Institute of Technology Palakkad,Palakkad,Kerala,64,51.2,74.28,26.02,62.17,65.91,20.87,130,118,866,156,105,16,12.0,184,21,11,28,7,33,16.23,28,4.81,11.66,41.0,90.8,67.3,2015,10,Gen4_2011_plus,6.0,21.04
IR-E-U-0906,IIT Jammu,Indian Institute of Technology Jammu,Jammu,Jammu and Kashmir,56,53.08,80.73,31.9,60.05,57.78,15.0,138,120,1071,178,113,19,11.7,208,5,16,32,9,85,46.19,69,5.02,34.51,46.09,87.0,63.5,2016,9,Gen4_2011_plus,7.7,51.21
IR-E-U-0844,IIT Tirupati,Indian Institute of Technology Tirupati,Tirupati,Andhra Pradesh,57,52.73,81.96,22.84,66.17,54.0,26.59,124,112,1086,205,114,72,11.0,148,27,5,24,6,88,15.32,44,4.11,76.1,51.97,90.3,55.6,2015,10,Gen4_2011_plus,3.4,19.43
IR-E-U-0946,IIT Bhilai,Indian Institute of Technology Bhilai,Durg,Chhattisgarh,72,50.37,76.99,24.97,65.13,59.02,8.47,77,77,835,162,116,14,12.0,74,12,9,18,4,62,41.92,9,6.64,51.4,35.44,100.0,71.6,2016,9,Gen4_2011_plus,12.2,48.56
IR-E-U-0899,IIT Dharwad,Indian Institute of Technology Dharwad,Dharwad,Karnataka,77,48.61,74.99,17.71,63.79,57.85,22.58,112,80,911,154,95,39,11.62,148,4,15,15,3,35,15.5,10,0.77,36.84,35.69,71.4,61.7,2016,9,Gen4_2011_plus,10.1,16.27
